{
  "fit": {
    "ok": true,
    "mu": [
      0.49543745114195453,
      0.14592669570990657,
      0.25371132568738186
    ],
    "cov": [
      [
        0.17169774295684156,
        0.0,
        0.0
      ],
      [
        0.0,
        0.19220080508277884,
        0.0
      ],
      [
        0.0,
        0.0,
        0.3450823889332799
      ]
    ],
    "amp": 0.7683785780747988,
    "ln_amp": -0.2634727270880133,
    "ridge": 0.0001,
    "mode": "diag",
    "residual_rms": 1.6487183133439474,
    "n_points": 17
  },
  "boot": {
    "mu_mean": [
      0.5240401044324865,
      0.14885688566241886,
      0.24970684686385777
    ],
    "mu_std": [
      0.17503605435670136,
      0.0686195156283554,
      0.11178445861180805
    ],
    "cov_diag_mean": [
      0.1883305085376395,
      0.21348222583786358,
      0.3399688461552567
    ],
    "cov_diag_std": [
      0.10649463719244832,
      0.12517375426193902,
      0.09472594840507532
    ]
  }
}