{
  "out_dir": "Data/20251219-111756-linear-GF",
  "n_steps": 17,
  "best_x": {
    "Ay": 0.4873004017875084,
    "Ey": 0.07340588683714049,
    "Coup2": 0.26864398836803993
  },
  "best_y": 0.7538951317460844,
  "fit_mu": [
    0.49543745114195453,
    0.14592669570990657,
    0.25371132568738186
  ],
  "fit_cov": [
    [
      0.17169774295684156,
      0.0,
      0.0
    ],
    [
      0.0,
      0.19220080508277884,
      0.0
    ],
    [
      0.0,
      0.0,
      0.3450823889332799
    ]
  ],
  "boot_mu_mean": [
    0.5240401044324865,
    0.14885688566241886,
    0.24970684686385777
  ],
  "boot_mu_std": [
    0.17503605435670136,
    0.0686195156283554,
    0.11178445861180805
  ],
  "fit_mu_err": 0.17503605435670136,
  "fit_sigma_err": 0.12269797722988064
}