{
  "fit": {
    "ok": true,
    "mu": [
      0.48516981096105427,
      0.16032075722675873,
      0.27277308638579034
    ],
    "cov": [
      [
        0.16112087351733975,
        0.0,
        0.0
      ],
      [
        0.0,
        0.15734198500636626,
        0.0
      ],
      [
        0.0,
        0.0,
        0.3372650562630606
      ]
    ],
    "amp": 0.8057642553571729,
    "ln_amp": -0.21596406640812726,
    "ridge": 0.0001,
    "mode": "diag",
    "residual_rms": 0.29681044898803055,
    "n_points": 26
  },
  "boot": {
    "mu_mean": [
      0.4889512194834202,
      0.15649455684700797,
      0.2724328914260601
    ],
    "mu_std": [
      0.010983855269980766,
      0.014003026200994641,
      0.011707178852462478
    ],
    "cov_diag_mean": [
      0.16103420781950056,
      0.15709314542601877,
      0.3314039108437223
    ],
    "cov_diag_std": [
      0.005786020203451124,
      0.011826090427790623,
      0.016444016588295505
    ]
  }
}