{
  "out_dir": "Data/20251219-025015-linear-GF",
  "n_steps": 26,
  "best_x": {
    "Ay": 0.5,
    "Ey": 0.0,
    "Coup2": 0.0
  },
  "best_y": 0.7054738773756881,
  "fit_mu": [
    0.48516981096105427,
    0.16032075722675873,
    0.27277308638579034
  ],
  "fit_cov": [
    [
      0.16112087351733975,
      0.0,
      0.0
    ],
    [
      0.0,
      0.15734198500636626,
      0.0
    ],
    [
      0.0,
      0.0,
      0.3372650562630606
    ]
  ],
  "boot_mu_mean": [
    0.4889512194834202,
    0.15649455684700797,
    0.2724328914260601
  ],
  "boot_mu_std": [
    0.010983855269980766,
    0.014003026200994641,
    0.011707178852462478
  ]
}