{
  "fit": {
    "ok": true,
    "mu": [
      0.5004330628066124,
      0.3017035528803267,
      0.5596878301148737
    ],
    "cov": [
      [
        0.39435978975840685,
        0.0,
        0.0
      ],
      [
        0.0,
        0.17108504182827292,
        0.0
      ],
      [
        0.0,
        0.0,
        0.4975836447810583
      ]
    ],
    "amp": 0.7656054010661216,
    "ln_amp": -0.26708838418420977,
    "ridge": 0.0001,
    "mode": "diag",
    "residual_rms": 0.11404039868794316,
    "n_points": 600
  },
  "boot": {
    "mu_mean": [
      0.5077885784373706,
      0.30448705449675484,
      0.5518056935820135
    ],
    "mu_std": [
      0.05448546805423731,
      0.023853447949784706,
      0.05639358148428132
    ],
    "cov_diag_mean": [
      0.3761317326258753,
      0.21335312198138157,
      0.4877940515872369
    ],
    "cov_diag_std": [
      0.06579697819764366,
      0.1148211793731812,
      0.1308506257315452
    ]
  }
}