{
  "out_dir": "Data/20251219-004457-linear-GF",
  "n_steps": 600,
  "best_x": {
    "Ay": 0.4846101111119073,
    "Ey": 0.2082967234424966,
    "Coup2": 0.18770567868087928
  },
  "best_y": 0.8,
  "fit_mu": [
    0.5004330628066124,
    0.3017035528803267,
    0.5596878301148737
  ],
  "fit_cov": [
    [
      0.39435978975840685,
      0.0,
      0.0
    ],
    [
      0.0,
      0.17108504182827292,
      0.0
    ],
    [
      0.0,
      0.0,
      0.4975836447810583
    ]
  ],
  "boot_mu_mean": [
    0.5077885784373706,
    0.30448705449675484,
    0.5518056935820135
  ],
  "boot_mu_std": [
    0.05448546805423731,
    0.023853447949784706,
    0.05639358148428132
  ]
}