{
  "fit": {
    "ok": true,
    "mu": [
      0.49323322498185457,
      0.147557787163832,
      0.2566233315133731
    ],
    "cov": [
      [
        0.16931814426285666,
        0.0,
        0.0
      ],
      [
        0.0,
        0.1910090022825212,
        0.0
      ],
      [
        0.0,
        0.0,
        0.3480822203399947
      ]
    ],
    "amp": 0.7752242948936651,
    "ln_amp": -0.25460287873456655,
    "ridge": 0.0001,
    "mode": "diag",
    "residual_rms": 1.4967293670994721,
    "n_points": 20
  },
  "boot": {
    "mu_mean": [
      0.5012317124371065,
      0.15784677291176002,
      0.2614645551884402
    ],
    "mu_std": [
      0.03255932660155909,
      0.06738874050161023,
      0.012948404415680051
    ],
    "cov_diag_mean": [
      0.1750269231463481,
      0.19273532069826527,
      0.34224462704557496
    ],
    "cov_diag_std": [
      0.02032619110837522,
      0.059681105778924284,
      0.019752266776344767
    ]
  }
}