{
  "out_dir": "Data/20251219-111726-linear-GF",
  "n_steps": 20,
  "best_x": {
    "Ay": 0.5284314966260872,
    "Ey": 0.14514324946013674,
    "Coup2": 0.3084078441067488
  },
  "best_y": 0.7728942505382186,
  "fit_mu": [
    0.49323322498185457,
    0.147557787163832,
    0.2566233315133731
  ],
  "fit_cov": [
    [
      0.16931814426285666,
      0.0,
      0.0
    ],
    [
      0.0,
      0.1910090022825212,
      0.0
    ],
    [
      0.0,
      0.0,
      0.3480822203399947
    ]
  ],
  "boot_mu_mean": [
    0.5012317124371065,
    0.15784677291176002,
    0.2614645551884402
  ],
  "boot_mu_std": [
    0.03255932660155909,
    0.06738874050161023,
    0.012948404415680051
  ],
  "fit_mu_err": 0.03255932660155909,
  "fit_sigma_err": 0.024292576538842436
}