{
  "fit": {
    "ok": true,
    "mu": [
      0.4469614433938841,
      0.1632878951933662,
      0.2515529365638415
    ],
    "cov": [
      [
        0.26874314417497563,
        0.0,
        0.0
      ],
      [
        0.0,
        0.2359436097943789,
        0.0
      ],
      [
        0.0,
        0.0,
        0.8391111913670021
      ]
    ],
    "amp": 0.4643559626428492,
    "ln_amp": -0.7671038600051572,
    "ridge": 0.1,
    "mode": "diag",
    "residual_rms": 2.9788137820253615,
    "n_points": 60
  },
  "boot": {
    "mu_mean": [
      0.44153862963070784,
      0.1683465273812633,
      0.2526127773529207
    ],
    "mu_std": [
      0.032570652532091654,
      0.03679536421911521,
      0.0408446072434748
    ],
    "cov_diag_mean": [
      0.2805961786624179,
      0.241473123062175,
      0.9040596678844612
    ],
    "cov_diag_std": [
      0.036105491099617575,
      0.022493776279209933,
      0.22704524029373566
    ]
  }
}