{
  "out_dir": "Data/20251219-005425-linear-GF",
  "n_steps": 60,
  "best_x": {
    "Ay": 0.2946229183937974,
    "Ey": 0.14838371085646557,
    "Coup2": 0.26994007580557405
  },
  "best_y": 0.6798643263933919,
  "fit_mu": [
    0.4469614433938841,
    0.1632878951933662,
    0.2515529365638415
  ],
  "fit_cov": [
    [
      0.26874314417497563,
      0.0,
      0.0
    ],
    [
      0.0,
      0.2359436097943789,
      0.0
    ],
    [
      0.0,
      0.0,
      0.8391111913670021
    ]
  ],
  "boot_mu_mean": [
    0.44153862963070784,
    0.1683465273812633,
    0.2526127773529207
  ],
  "boot_mu_std": [
    0.032570652532091654,
    0.03679536421911521,
    0.0408446072434748
  ]
}