{
  "fit": {
    "ok": true,
    "mu": [
      0.48164814503231296,
      0.16475296112915536,
      0.2656813326288397
    ],
    "cov": [
      [
        0.16521562878208335,
        0.0,
        0.0
      ],
      [
        0.0,
        0.17385832633913048,
        0.0
      ],
      [
        0.0,
        0.0,
        0.33564319707421314
      ]
    ],
    "amp": 0.7991860461767057,
    "ln_amp": -0.22416151153907293,
    "ridge": 0.0001,
    "mode": "diag",
    "residual_rms": 1.4834668927769306,
    "n_points": 19
  },
  "boot": {
    "mu_mean": [
      0.47533330697031173,
      0.1844531741595792,
      0.2713093385178478
    ],
    "mu_std": [
      0.0456427154114505,
      0.08730122952263192,
      0.017990224827038534
    ],
    "cov_diag_mean": [
      0.16249701576252532,
      0.1964486471723473,
      0.33563886150953487
    ],
    "cov_diag_std": [
      0.027934269454252328,
      0.07950699461175237,
      0.025546867756177375
    ]
  }
}