{
  "out_dir": "Data/20251219-111712-linear-GF",
  "n_steps": 19,
  "best_x": {
    "Ay": 0.5865625757220334,
    "Ey": 0.23804447010785473,
    "Coup2": 0.3444128843511663
  },
  "best_y": 0.7655835681261494,
  "fit_mu": [
    0.48164814503231296,
    0.16475296112915536,
    0.2656813326288397
  ],
  "fit_cov": [
    [
      0.16521562878208335,
      0.0,
      0.0
    ],
    [
      0.0,
      0.17385832633913048,
      0.0
    ],
    [
      0.0,
      0.0,
      0.33564319707421314
    ]
  ],
  "boot_mu_mean": [
    0.47533330697031173,
    0.1844531741595792,
    0.2713093385178478
  ],
  "boot_mu_std": [
    0.0456427154114505,
    0.08730122952263192,
    0.017990224827038534
  ],
  "fit_mu_err": 0.0456427154114505,
  "fit_sigma_err": 0.03464851513046857
}