{
  "out_dir": "Data/20251219-112107-linear-GF",
  "n_steps": 17,
  "best_x": {
    "Ay": 0.6318395538195336,
    "Ey": 0.28099038403430515,
    "Coup2": 0.21027646935692604
  },
  "best_y": 0.736020164158587,
  "fit_mu": [
    0.50895724377621,
    0.1424207898523692,
    0.2641257835177983
  ],
  "fit_cov": [
    [
      0.17194589581630107,
      0.0,
      0.0
    ],
    [
      0.0,
      0.18806852359525406,
      0.0
    ],
    [
      0.0,
      0.0,
      0.3412651244114408
    ]
  ],
  "boot_mu_mean": [
    0.5254661008502187,
    0.1595370173974634,
    0.2602784670747428
  ],
  "boot_mu_std": [
    0.09246071699974033,
    0.1018591059047876,
    0.04555912990418276
  ],
  "fit_mu_err": 0.09246071699974033,
  "fit_sigma_err": 0.055093351803457175
}