{
  "fit": {
    "ok": true,
    "mu": [
      -315339.76494483714,
      0.6293819472220147,
      0.4293411483525941
    ],
    "cov": [
      [
        1000000.0,
        0.0,
        0.0
      ],
      [
        0.0,
        0.7242118780020567,
        0.0
      ],
      [
        0.0,
        0.0,
        0.3169109051746239
      ]
    ],
    "amp": Infinity,
    "ln_amp": 49714.901282992236,
    "ridge": 0.0001,
    "mode": "diag",
    "residual_rms": 3.353639070746362,
    "n_points": 40
  },
  "boot": {
    "mu_mean": [
      -82970.77660904653,
      115266.24952770761,
      0.6130796401663231
    ],
    "mu_std": [
      430640.98198384466,
      394179.228347933,
      0.5741481152913872
    ],
    "cov_diag_mean": [
      700001.3369093912,
      100016.68637384796,
      0.3807491555588648
    ],
    "cov_diag_std": [
      464093.412729165,
      303816.19217407674,
      0.23820682578541127
    ]
  }
}