{
  "out_dir": "Data/20251218-151500-demo-linear-GF",
  "n_steps": 40,
  "best_x": {
    "Ay": 1.2969663843896453,
    "Ey": -1.144948146499618,
    "Coup2": 0.9658682089388386
  },
  "best_y": 0.03066547412360775,
  "fit_mu": [
    -315339.76494483714,
    0.6293819472220147,
    0.4293411483525941
  ],
  "fit_cov": [
    [
      1000000.0,
      0.0,
      0.0
    ],
    [
      0.0,
      0.7242118780020567,
      0.0
    ],
    [
      0.0,
      0.0,
      0.3169109051746239
    ]
  ],
  "boot_mu_mean": [
    -82970.77660904653,
    115266.24952770761,
    0.6130796401663231
  ],
  "boot_mu_std": [
    430640.98198384466,
    394179.228347933,
    0.5741481152913872
  ]
}