{
  "fit": {
    "ok": true,
    "mu": [
      0.8429050785781375,
      0.5833869692458019,
      0.2260423983551925
    ],
    "cov": [
      [
        0.8235258883541626,
        0.0,
        0.0
      ],
      [
        0.0,
        0.4592321521195556,
        0.0
      ],
      [
        0.0,
        0.0,
        0.5406331232603792
      ]
    ],
    "amp": 0.9014444328528911,
    "ln_amp": -0.1037568767821575,
    "ridge": 0.0001,
    "mode": "diag",
    "residual_rms": 4.237241964734116,
    "n_points": 60
  },
  "boot": {
    "mu_mean": [
      0.9108221160889822,
      0.6856209557386919,
      0.186120741886839
    ],
    "mu_std": [
      0.7852596854755374,
      0.3124258623923643,
      0.18780886966034993
    ],
    "cov_diag_mean": [
      0.8223205260846546,
      0.5179329231640528,
      0.5807002715669873
    ],
    "cov_diag_std": [
      0.5023035254875678,
      0.19849817980907522,
      0.26985144840758146
    ]
  }
}