{
  "out_dir": "Data/20251219-034333-linear-LBO",
  "n_steps": 60,
  "best_x": {
    "Ay": 0.5,
    "Ey": 0.21105527638190966,
    "Coup2": 0.33165829145728637
  },
  "best_y": 0.8,
  "fit_mu": [
    0.8429050785781375,
    0.5833869692458019,
    0.2260423983551925
  ],
  "fit_cov": [
    [
      0.8235258883541626,
      0.0,
      0.0
    ],
    [
      0.0,
      0.4592321521195556,
      0.0
    ],
    [
      0.0,
      0.0,
      0.5406331232603792
    ]
  ],
  "boot_mu_mean": [
    0.9108221160889822,
    0.6856209557386919,
    0.186120741886839
  ],
  "boot_mu_std": [
    0.7852596854755374,
    0.3124258623923643,
    0.18780886966034993
  ]
}