{
  "fit": {
    "ok": true,
    "mu": [
      0.5789713422944733,
      0.20142594984557885,
      0.1761865723862449
    ],
    "cov": [
      [
        0.6238762319729058,
        0.0,
        0.0
      ],
      [
        0.0,
        0.14298601256143692,
        0.0
      ],
      [
        0.0,
        0.0,
        0.09870362824893947
      ]
    ],
    "amp": 0.6004016132444405,
    "ln_amp": -0.5101564922770054,
    "ridge": 0.0001,
    "mode": "diag",
    "residual_rms": 0.17597592295515035,
    "n_points": 20
  },
  "boot": {
    "mu_mean": [
      0.6424488479499595,
      0.36834697500236996,
      0.214064084164838
    ],
    "mu_std": [
      0.35894258161142695,
      1.271638665534987,
      0.12356882999004293
    ],
    "cov_diag_mean": [
      0.6803097599746296,
      1.0577783257630808,
      0.13479785632094138
    ],
    "cov_diag_std": [
      0.6791452473878772,
      3.6441862379416463,
      0.11561186361437814
    ]
  }
}