{
  "out_dir": "Data/20251219-004249-linear-GF",
  "n_steps": 20,
  "best_x": {
    "Ay": 0.8555814369533338,
    "Ey": 0.22937726875964987,
    "Coup2": 0.2080075693456037
  },
  "best_y": 0.6850215648819415,
  "fit_mu": [
    0.5789713422944733,
    0.20142594984557885,
    0.1761865723862449
  ],
  "fit_cov": [
    [
      0.6238762319729058,
      0.0,
      0.0
    ],
    [
      0.0,
      0.14298601256143692,
      0.0
    ],
    [
      0.0,
      0.0,
      0.09870362824893947
    ]
  ],
  "boot_mu_mean": [
    0.6424488479499595,
    0.36834697500236996,
    0.214064084164838
  ],
  "boot_mu_std": [
    0.35894258161142695,
    1.271638665534987,
    0.12356882999004293
  ]
}