{
  "fit": {
    "ok": true,
    "mu": [
      0.49521983530960917,
      0.1689909222148595,
      0.25383166189502276
    ],
    "cov": [
      [
        0.19033422793462856,
        0.0,
        0.0
      ],
      [
        0.0,
        0.18944702053654994,
        0.0
      ],
      [
        0.0,
        0.0,
        0.40882276279071456
      ]
    ],
    "amp": 0.7345667293660079,
    "ln_amp": -0.3084744374389904,
    "ridge": 0.0001,
    "mode": "diag",
    "residual_rms": 1.1485920594310377,
    "n_points": 51
  },
  "boot": {
    "mu_mean": [
      0.4953014408078316,
      0.16837372945027254,
      0.25412969312414146
    ],
    "mu_std": [
      0.007333636483338312,
      0.017044036148898083,
      0.007881183689143782
    ],
    "cov_diag_mean": [
      0.19102574085542245,
      0.18918200617957057,
      0.4072809993391396
    ],
    "cov_diag_std": [
      0.01707648116231985,
      0.024793264084349002,
      0.03518408605439137
    ]
  }
}