{
  "out_dir": "Data/20251219-033730-linear-GF",
  "n_steps": 51,
  "best_x": {
    "Ay": 0.5,
    "Ey": 0.0,
    "Coup2": 0.0
  },
  "best_y": 0.6736123537453509,
  "fit_mu": [
    0.49521983530960917,
    0.1689909222148595,
    0.25383166189502276
  ],
  "fit_cov": [
    [
      0.19033422793462856,
      0.0,
      0.0
    ],
    [
      0.0,
      0.18944702053654994,
      0.0
    ],
    [
      0.0,
      0.0,
      0.40882276279071456
    ]
  ],
  "boot_mu_mean": [
    0.4953014408078316,
    0.16837372945027254,
    0.25412969312414146
  ],
  "boot_mu_std": [
    0.007333636483338312,
    0.017044036148898083,
    0.007881183689143782
  ]
}