{
  "fit": {
    "ok": true,
    "mu": [
      0.524275473730305,
      0.22369655259498125,
      0.16524689164449013
    ],
    "cov": [
      [
        0.504278115673276,
        0.0,
        0.0
      ],
      [
        0.0,
        0.1408841144153887,
        0.0
      ],
      [
        0.0,
        0.0,
        0.09875849510040192
      ]
    ],
    "amp": 0.6388739339221692,
    "ln_amp": -0.44804813057492265,
    "ridge": 0.0001,
    "mode": "diag",
    "residual_rms": 0.17248430419338392,
    "n_points": 27
  },
  "boot": {
    "mu_mean": [
      0.6022788754251769,
      0.26730908280571525,
      0.16750973012721093
    ],
    "mu_std": [
      0.49645964722415137,
      0.18114947865010708,
      0.13316532162653283
    ],
    "cov_diag_mean": [
      0.6000628219383205,
      0.25993377566184633,
      0.36170019769468387
    ],
    "cov_diag_std": [
      0.9969071106583481,
      0.4420576454334518,
      1.1116947842238014
    ]
  }
}