{
  "out_dir": "Data/20251219-004530-linear-GF",
  "n_steps": 27,
  "best_x": {
    "Ay": 0.5654638238402488,
    "Ey": 0.19869057120964742,
    "Coup2": 0.1843863847715122
  },
  "best_y": 0.7722724692115615,
  "fit_mu": [
    0.524275473730305,
    0.22369655259498125,
    0.16524689164449013
  ],
  "fit_cov": [
    [
      0.504278115673276,
      0.0,
      0.0
    ],
    [
      0.0,
      0.1408841144153887,
      0.0
    ],
    [
      0.0,
      0.0,
      0.09875849510040192
    ]
  ],
  "boot_mu_mean": [
    0.6022788754251769,
    0.26730908280571525,
    0.16750973012721093
  ],
  "boot_mu_std": [
    0.49645964722415137,
    0.18114947865010708,
    0.13316532162653283
  ]
}