{
  "out_dir": "Data/20251219-005342-linear-GF",
  "n_steps": 9,
  "best_x": {
    "Ay": 0.5,
    "Ey": 0.0,
    "Coup2": 0.0
  },
  "best_y": 0.7831996039841352,
  "fit_mu": [
    0.5603495990923903,
    -0.37289884631696657,
    2.0
  ],
  "fit_cov": [
    [
      0.6189142565546292,
      0.0,
      0.0
    ],
    [
      0.0,
      1.0690244209856459,
      0.0
    ],
    [
      0.0,
      0.0,
      6.25
    ]
  ],
  "boot_mu_mean": [
    0.50225062790758,
    -0.11734338166495453,
    -0.992825071538422
  ],
  "boot_mu_std": [
    0.10493875822722815,
    0.769600778049338,
    0.007226651782863025
  ]
}