{
  "fit": {
    "ok": true,
    "mu": [
      0.4933871901223644,
      0.1563539711646593,
      0.2653512133538096
    ],
    "cov": [
      [
        0.17676218714385258,
        0.0,
        0.0
      ],
      [
        0.0,
        0.18572477356346392,
        0.0
      ],
      [
        0.0,
        0.0,
        0.2803181447177239
      ]
    ],
    "amp": 0.7888271065504575,
    "ln_amp": -0.23720811199604463,
    "ridge": 0.0001,
    "mode": "diag",
    "residual_rms": 0.05843404054337855,
    "n_points": 15
  },
  "boot": {
    "mu_mean": [
      0.4997501790791581,
      0.15964474254532857,
      0.25659665333690257
    ],
    "mu_std": [
      0.02424074592325575,
      0.02040599239077144,
      0.04773134896301755
    ],
    "cov_diag_mean": [
      0.18083333987342584,
      0.17665589510879276,
      0.306228015598116
    ],
    "cov_diag_std": [
      0.01525177403145763,
      0.023091179680734333,
      0.18972116539080205
    ]
  }
}