{
  "out_dir": "Data/20251222-094644-linear-GF",
  "n_steps": 15,
  "best_x": {
    "Ay": 0.458864521113763,
    "Ey": 0.21160631635282479,
    "Coup2": 0.2028337551253127
  },
  "best_y": 0.7909397035920579,
  "fit_mu": [
    0.4933871901223644,
    0.1563539711646593,
    0.2653512133538096
  ],
  "fit_cov": [
    [
      0.17676218714385258,
      0.0,
      0.0
    ],
    [
      0.0,
      0.18572477356346392,
      0.0
    ],
    [
      0.0,
      0.0,
      0.2803181447177239
    ]
  ],
  "boot_mu_mean": [
    0.4997501790791581,
    0.15964474254532857,
    0.25659665333690257
  ],
  "boot_mu_std": [
    0.02424074592325575,
    0.02040599239077144,
    0.04773134896301755
  ],
  "fit_mu_err": 0.02424074592325575,
  "fit_sigma_err": 0.01793292428214972
}