{
  "fit": {
    "ok": true,
    "mu": [
      0.48273592986360375,
      0.1812023462733033,
      0.3739707521150827
    ],
    "cov": [
      [
        0.13551968080677576,
        0.0,
        0.0
      ],
      [
        0.0,
        0.18484624614475068,
        0.0
      ],
      [
        0.0,
        0.0,
        0.3811741649043219
      ]
    ],
    "amp": 0.7833155159256612,
    "ln_amp": -0.2442197063975433,
    "ridge": 0.0001,
    "mode": "diag",
    "residual_rms": 0.08087542303126337,
    "n_points": 50
  },
  "boot": {
    "mu_mean": [
      0.47853449944922427,
      0.16736547386151018,
      0.319478416682527
    ],
    "mu_std": [
      0.044843546632402136,
      0.11686009057684964,
      0.1176069100280918
    ],
    "cov_diag_mean": [
      0.13430935567101684,
      0.18119597546994953,
      0.3619101940419448
    ],
    "cov_diag_std": [
      0.035900103416850564,
      0.06829510978832179,
      0.27014929103772245
    ]
  }
}