{
  "out_dir": "Data/20251218-151833-demo-linear-GF",
  "n_steps": 50,
  "best_x": {
    "Ay": 0.4824807086296988,
    "Ey": 0.17485332023358321,
    "Coup2": 0.3184430602361881
  },
  "best_y": 0.8120351235240783,
  "fit_mu": [
    0.48273592986360375,
    0.1812023462733033,
    0.3739707521150827
  ],
  "fit_cov": [
    [
      0.13551968080677576,
      0.0,
      0.0
    ],
    [
      0.0,
      0.18484624614475068,
      0.0
    ],
    [
      0.0,
      0.0,
      0.3811741649043219
    ]
  ],
  "boot_mu_mean": [
    0.47853449944922427,
    0.16736547386151018,
    0.319478416682527
  ],
  "boot_mu_std": [
    0.044843546632402136,
    0.11686009057684964,
    0.1176069100280918
  ]
}