{
  "fit": {
    "ok": true,
    "mu": [
      2.0,
      0.1109899713620182,
      0.4524496879284266
    ],
    "cov": [
      [
        6.25,
        0.0,
        0.0
      ],
      [
        0.0,
        1.111178077912332,
        0.0
      ],
      [
        0.0,
        0.0,
        1.673620829349455
      ]
    ],
    "amp": 22026.465794806718,
    "ln_amp": 10.0,
    "ridge": 0.1,
    "mode": "diag",
    "residual_rms": 4.141974710327895,
    "n_points": 8
  },
  "boot": {
    "mu_mean": [
      0.9995028751087176,
      -0.10369428696818546,
      2.1207855767246464
    ],
    "mu_std": [
      0.0005663210275708326,
      0.6961329093320112,
      2.8612261126645797
    ],
    "cov_diag_mean": [
      1.3049270229016579,
      1.6882242892009824,
      5.092866681003085
    ],
    "cov_diag_std": [
      0.4498771330716723,
      1.6016956885266382,
      5.4336050164318825
    ]
  }
}