{
  "out_dir": "Data/20251219-005403-linear-GF",
  "n_steps": 8,
  "best_x": {
    "Ay": 0.5,
    "Ey": 0.0,
    "Coup2": 0.0
  },
  "best_y": 0.6459825599261293,
  "fit_mu": [
    2.0,
    0.1109899713620182,
    0.4524496879284266
  ],
  "fit_cov": [
    [
      6.25,
      0.0,
      0.0
    ],
    [
      0.0,
      1.111178077912332,
      0.0
    ],
    [
      0.0,
      0.0,
      1.673620829349455
    ]
  ],
  "boot_mu_mean": [
    0.9995028751087176,
    -0.10369428696818546,
    2.1207855767246464
  ],
  "boot_mu_std": [
    0.0005663210275708326,
    0.6961329093320112,
    2.8612261126645797
  ]
}