{
  "out_dir": "Data/20251219-004403-linear-GF",
  "n_steps": 30,
  "best_x": {
    "Ay": 0.4846101111119073,
    "Ey": 0.2082967234424966,
    "Coup2": 0.18770567868087928
  },
  "best_y": 0.8,
  "fit_mu": [
    0.5282004893859159,
    0.22424469665915953,
    0.16700004613980052
  ],
  "fit_cov": [
    [
      0.5186982642858011,
      0.0,
      0.0
    ],
    [
      0.0,
      0.1428679510069924,
      0.0
    ],
    [
      0.0,
      0.0,
      0.10075296699643088
    ]
  ],
  "boot_mu_mean": [
    0.5324827246508875,
    0.30463007385914714,
    0.16195354226275563
  ],
  "boot_mu_std": [
    0.08978610341975167,
    0.38649167883430696,
    0.1068860041614944
  ]
}