{
  "fit": {
    "ok": true,
    "mu": [
      0.48784124753185704,
      0.17559042506583547,
      0.2525452131322177
    ],
    "cov": [
      [
        0.21398546049649697,
        0.0,
        0.0
      ],
      [
        0.0,
        0.21523590750196583,
        0.0
      ],
      [
        0.0,
        0.0,
        0.45264679772260646
      ]
    ],
    "amp": 0.6834898912901367,
    "ln_amp": -0.38054341255422064,
    "ridge": 0.0001,
    "mode": "diag",
    "residual_rms": 1.1576815141749848,
    "n_points": 48
  },
  "boot": {
    "mu_mean": [
      0.4861389754094942,
      0.1780094543483555,
      0.2545262020592755
    ],
    "mu_std": [
      0.011982557877173844,
      0.009360749552074926,
      0.010137684815273804
    ],
    "cov_diag_mean": [
      0.2044804993661914,
      0.20734745084241732,
      0.4356017209895367
    ],
    "cov_diag_std": [
      0.027286208598594472,
      0.020563587220056242,
      0.05922246825422516
    ]
  }
}