{
  "out_dir": "Data/20251219-033711-linear-GF",
  "n_steps": 48,
  "best_x": {
    "Ay": 0.5,
    "Ey": 0.0,
    "Coup2": 0.0
  },
  "best_y": 0.6736123537453509,
  "fit_mu": [
    0.48784124753185704,
    0.17559042506583547,
    0.2525452131322177
  ],
  "fit_cov": [
    [
      0.21398546049649697,
      0.0,
      0.0
    ],
    [
      0.0,
      0.21523590750196583,
      0.0
    ],
    [
      0.0,
      0.0,
      0.45264679772260646
    ]
  ],
  "boot_mu_mean": [
    0.4861389754094942,
    0.1780094543483555,
    0.2545262020592755
  ],
  "boot_mu_std": [
    0.011982557877173844,
    0.009360749552074926,
    0.010137684815273804
  ]
}