{
  "fit": {
    "ok": true,
    "mu": [
      2.0,
      -0.10953961721397762,
      -1.18132854829542
    ],
    "cov": [
      [
        6.25,
        0.0,
        0.0
      ],
      [
        0.0,
        0.5391931701941244,
        0.0
      ],
      [
        0.0,
        0.0,
        1.558233934927432
      ]
    ],
    "amp": Infinity,
    "ln_amp": 2475.0214478481644,
    "ridge": 0.0001,
    "mode": "diag",
    "residual_rms": 3.8231308293523347,
    "n_points": 50
  },
  "boot": {
    "mu_mean": [
      21611.560266113243,
      -0.2041367460120344,
      -268110.39575352916
    ],
    "mu_std": [
      353220.30765264126,
      0.38304361506123724,
      446978.6669835541
    ],
    "cov_diag_mean": [
      600002.7335772901,
      0.6860046192709335,
      425000.6691023248
    ],
    "cov_diag_std": [
      496135.54792277707,
      0.40440829528555305,
      500640.0326805746
    ]
  }
}