{
  "out_dir": "Data/20251218-151728-demo-linear-GF",
  "n_steps": 50,
  "best_x": {
    "Ay": 0.5,
    "Ey": 0.0,
    "Coup2": 0.0
  },
  "best_y": 0.6584568366586753,
  "fit_mu": [
    2.0,
    -0.10953961721397762,
    -1.18132854829542
  ],
  "fit_cov": [
    [
      6.25,
      0.0,
      0.0
    ],
    [
      0.0,
      0.5391931701941244,
      0.0
    ],
    [
      0.0,
      0.0,
      1.558233934927432
    ]
  ],
  "boot_mu_mean": [
    21611.560266113243,
    -0.2041367460120344,
    -268110.39575352916
  ],
  "boot_mu_std": [
    353220.30765264126,
    0.38304361506123724,
    446978.6669835541
  ]
}