{
  "fit": {
    "ok": true,
    "mu": [
      0.5001737999958549,
      0.1673556430641807,
      0.2682749707962703
    ],
    "cov": [
      [
        0.19304577508143433,
        0.0,
        0.0
      ],
      [
        0.0,
        0.168722200266347,
        0.0
      ],
      [
        0.0,
        0.0,
        0.3792341054444424
      ]
    ],
    "amp": 0.7545085370654391,
    "ln_amp": -0.2816886859735157,
    "ridge": 0.0001,
    "mode": "diag",
    "residual_rms": 2.122358241520362,
    "n_points": 32
  },
  "boot": {
    "mu_mean": [
      0.502506699025096,
      0.16708815278298536,
      0.2666199762362769
    ],
    "mu_std": [
      0.019589547796692232,
      0.009841190986540599,
      0.013765482032504604
    ],
    "cov_diag_mean": [
      0.19294042502012188,
      0.16679534760978287,
      0.3785744717685677
    ],
    "cov_diag_std": [
      0.01872248403450185,
      0.011544456538629634,
      0.03862921562992937
    ]
  }
}