{
  "out_dir": "Data/20251219-010655-linear-GF",
  "n_steps": 32,
  "best_x": {
    "Ay": 0.5,
    "Ey": 0.0,
    "Coup2": 0.0
  },
  "best_y": 0.6736123537453509,
  "fit_mu": [
    0.5001737999958549,
    0.1673556430641807,
    0.2682749707962703
  ],
  "fit_cov": [
    [
      0.19304577508143433,
      0.0,
      0.0
    ],
    [
      0.0,
      0.168722200266347,
      0.0
    ],
    [
      0.0,
      0.0,
      0.3792341054444424
    ]
  ],
  "boot_mu_mean": [
    0.502506699025096,
    0.16708815278298536,
    0.2666199762362769
  ],
  "boot_mu_std": [
    0.019589547796692232,
    0.009841190986540599,
    0.013765482032504604
  ]
}