{
  "fit": {
    "ok": true,
    "mu": [
      0.5861532616244922,
      0.2736850481026595,
      0.35823583319850427
    ],
    "cov": [
      [
        0.5850288242466468,
        0.0,
        0.0
      ],
      [
        0.0,
        1.3558279329034084,
        0.0
      ],
      [
        0.0,
        0.0,
        0.265759887808571
      ]
    ],
    "amp": 0.7660405604416943,
    "ln_amp": -0.26652015967512943,
    "ridge": 0.0001,
    "mode": "diag",
    "residual_rms": 2.3699250207884845,
    "n_points": 60
  },
  "boot": {
    "mu_mean": [
      0.606234281500995,
      0.37150273909188664,
      0.3732637377345344
    ],
    "mu_std": [
      0.26133386370697165,
      1.7538910287773595,
      0.14960398887155207
    ],
    "cov_diag_mean": [
      0.6300481460816751,
      1.4668353329808002,
      0.3098400623885373
    ],
    "cov_diag_std": [
      0.23994024530510136,
      2.2922792172105715,
      0.20168185103691694
    ]
  }
}