{
  "out_dir": "Data/20251219-034252-linear-BO",
  "n_steps": 60,
  "best_x": {
    "Ay": 0.4876629269633299,
    "Ey": 0.18082489118522282,
    "Coup2": 0.3096583824014143
  },
  "best_y": 0.7998842212875391,
  "fit_mu": [
    0.5861532616244922,
    0.2736850481026595,
    0.35823583319850427
  ],
  "fit_cov": [
    [
      0.5850288242466468,
      0.0,
      0.0
    ],
    [
      0.0,
      1.3558279329034084,
      0.0
    ],
    [
      0.0,
      0.0,
      0.265759887808571
    ]
  ],
  "boot_mu_mean": [
    0.606234281500995,
    0.37150273909188664,
    0.3732637377345344
  ],
  "boot_mu_std": [
    0.26133386370697165,
    1.7538910287773595,
    0.14960398887155207
  ]
}