{
  "fit": {
    "ok": true,
    "mu": [
      0.509307374321324,
      0.14236483911747563,
      0.26416337877113144
    ],
    "cov": [
      [
        0.1722157856980381,
        0.0,
        0.0
      ],
      [
        0.0,
        0.18816534121353917,
        0.0
      ],
      [
        0.0,
        0.0,
        0.3417365917465021
      ]
    ],
    "amp": 0.7851575802297205,
    "ln_amp": -0.24187084219899435,
    "ridge": 0.0001,
    "mode": "diag",
    "residual_rms": 0.2028726704659696,
    "n_points": 18
  },
  "boot": {
    "mu_mean": [
      0.5162326981675063,
      0.14749900224509227,
      0.2631010049679291
    ],
    "mu_std": [
      0.028367695034928073,
      0.03466902186415005,
      0.026902825343926125
    ],
    "cov_diag_mean": [
      0.17372408069795525,
      0.18626113920857942,
      0.33810824795371336
    ],
    "cov_diag_std": [
      0.018302093233143933,
      0.0180881351695802,
      0.026576401865673244
    ]
  }
}