{
  "fit": {
    "ok": true,
    "mu": [
      0.49634847844988667,
      0.17003698229989836,
      0.2698357765383315
    ],
    "cov": [
      [
        0.18857543514998093,
        0.0,
        0.0
      ],
      [
        0.0,
        0.17118785498748632,
        0.0
      ],
      [
        0.0,
        0.0,
        0.38397280273605594
      ]
    ],
    "amp": 0.7591306075129435,
    "ln_amp": -0.2755814379806232,
    "ridge": 0.0001,
    "mode": "diag",
    "residual_rms": 1.8715142602300794,
    "n_points": 41
  },
  "boot": {
    "mu_mean": [
      0.4963571565444431,
      0.17565416041804063,
      0.27391381655499786
    ],
    "mu_std": [
      0.006835917638439218,
      0.023826565812716582,
      0.02407390879569407
    ],
    "cov_diag_mean": [
      0.18657494550425427,
      0.17489471056339434,
      0.3877872949874305
    ],
    "cov_diag_std": [
      0.01615092203282007,
      0.018693956084397726,
      0.041935774895572854
    ]
  }
}