{
  "out_dir": "Data/20251219-033649-linear-GF",
  "n_steps": 41,
  "best_x": {
    "Ay": 0.5,
    "Ey": 0.0,
    "Coup2": 0.0
  },
  "best_y": 0.6736123537453509,
  "fit_mu": [
    0.49634847844988667,
    0.17003698229989836,
    0.2698357765383315
  ],
  "fit_cov": [
    [
      0.18857543514998093,
      0.0,
      0.0
    ],
    [
      0.0,
      0.17118785498748632,
      0.0
    ],
    [
      0.0,
      0.0,
      0.38397280273605594
    ]
  ],
  "boot_mu_mean": [
    0.4963571565444431,
    0.17565416041804063,
    0.27391381655499786
  ],
  "boot_mu_std": [
    0.006835917638439218,
    0.023826565812716582,
    0.02407390879569407
  ]
}