{
  "fit": {
    "ok": true,
    "mu": [
      0.5282004893859159,
      0.22424469665915953,
      0.16700004613980052
    ],
    "cov": [
      [
        0.5186982642858011,
        0.0,
        0.0
      ],
      [
        0.0,
        0.1428679510069924,
        0.0
      ],
      [
        0.0,
        0.0,
        0.10075296699643088
      ]
    ],
    "amp": 0.6311526994744825,
    "ln_amp": -0.4602074497196371,
    "ridge": 0.0001,
    "mode": "diag",
    "residual_rms": 0.1892121869478686,
    "n_points": 30
  },
  "boot": {
    "mu_mean": [
      0.5324827246508875,
      0.30463007385914714,
      0.16195354226275563
    ],
    "mu_std": [
      0.08978610341975167,
      0.38649167883430696,
      0.1068860041614944
    ],
    "cov_diag_mean": [
      0.4578236050804474,
      0.29630894062355423,
      0.1366458629717814
    ],
    "cov_diag_std": [
      0.17049927116561145,
      0.6070728282701019,
      0.12220410506209528
    ]
  }
}