{
  "fit": {
    "ok": true,
    "mu": [
      0.8815413309200634,
      0.23059181892028763,
      0.21220528995517987
    ],
    "cov": [
      [
        0.4604565907025627,
        0.0,
        0.0
      ],
      [
        0.0,
        0.2404847795626223,
        0.0
      ],
      [
        0.0,
        0.0,
        0.8065549412292244
      ]
    ],
    "amp": 0.9337648406846755,
    "ln_amp": -0.06853064902320583,
    "ridge": 0.0001,
    "mode": "diag",
    "residual_rms": 3.9351210625094755,
    "n_points": 30
  },
  "boot": {
    "mu_mean": [
      0.9468118750036685,
      0.24567033531589072,
      0.4468524195990564
    ],
    "mu_std": [
      0.4612404308452369,
      0.15354304658566584,
      0.6875829769274995
    ],
    "cov_diag_mean": [
      0.46112517298749756,
      0.23197303826600726,
      0.9074293350899215
    ],
    "cov_diag_std": [
      0.22056362281946715,
      0.10187435805297732,
      1.180936246474758
    ]
  }
}