{
  "fit": {
    "ok": true,
    "mu": [
      0.6256401585988831,
      0.15975838003022105,
      0.3492635401121718
    ],
    "cov": [
      [
        0.600659665008626,
        0.0,
        0.0
      ],
      [
        0.0,
        0.8865525491737116,
        0.0
      ],
      [
        0.0,
        0.0,
        1.0802633945799485
      ]
    ],
    "amp": 0.6614116210775015,
    "ln_amp": -0.41337890816621203,
    "ridge": 0.0001,
    "mode": "diag",
    "residual_rms": 5.316189723273657,
    "n_points": 60
  },
  "boot": {
    "mu_mean": [
      0.6696801299654246,
      0.14197151515205378,
      0.39344127564594233
    ],
    "mu_std": [
      0.2423286094322872,
      0.8532667595711333,
      0.22264410646476895
    ],
    "cov_diag_mean": [
      0.6434334953850394,
      1.1560378026387614,
      1.0053936573090256
    ],
    "cov_diag_std": [
      0.22994339796640967,
      1.429531353225175,
      0.36869084954963477
    ]
  }
}