{
  "out_dir": "Data/20251219-004152-linear-LBO",
  "n_steps": 60,
  "best_x": {
    "Ay": 0.5,
    "Ey": 0.0,
    "Coup2": 0.6331658291457286
  },
  "best_y": 0.8,
  "fit_mu": [
    0.6256401585988831,
    0.15975838003022105,
    0.3492635401121718
  ],
  "fit_cov": [
    [
      0.600659665008626,
      0.0,
      0.0
    ],
    [
      0.0,
      0.8865525491737116,
      0.0
    ],
    [
      0.0,
      0.0,
      1.0802633945799485
    ]
  ],
  "boot_mu_mean": [
    0.6696801299654246,
    0.14197151515205378,
    0.39344127564594233
  ],
  "boot_mu_std": [
    0.2423286094322872,
    0.8532667595711333,
    0.22264410646476895
  ]
}