{
  "out_dir": "Data/20251219-004409-linear-LBO",
  "n_steps": 30,
  "best_x": {
    "Ay": 0.5,
    "Ey": 0.0,
    "Coup2": 0.6331658291457286
  },
  "best_y": 0.8,
  "fit_mu": [
    0.8815413309200634,
    0.23059181892028763,
    0.21220528995517987
  ],
  "fit_cov": [
    [
      0.4604565907025627,
      0.0,
      0.0
    ],
    [
      0.0,
      0.2404847795626223,
      0.0
    ],
    [
      0.0,
      0.0,
      0.8065549412292244
    ]
  ],
  "boot_mu_mean": [
    0.9468118750036685,
    0.24567033531589072,
    0.4468524195990564
  ],
  "boot_mu_std": [
    0.4612404308452369,
    0.15354304658566584,
    0.6875829769274995
  ]
}