{
  "fit": {
    "ok": true,
    "mu": [
      0.5603495990923903,
      -0.37289884631696657,
      2.0
    ],
    "cov": [
      [
        0.6189142565546292,
        0.0,
        0.0
      ],
      [
        0.0,
        1.0690244209856459,
        0.0
      ],
      [
        0.0,
        0.0,
        6.25
      ]
    ],
    "amp": 22026.465794806718,
    "ln_amp": 10.0,
    "ridge": 0.1,
    "mode": "diag",
    "residual_rms": 5.916321768526473,
    "n_points": 9
  },
  "boot": {
    "mu_mean": [
      0.50225062790758,
      -0.11734338166495453,
      -0.992825071538422
    ],
    "mu_std": [
      0.10493875822722815,
      0.769600778049338,
      0.007226651782863025
    ],
    "cov_diag_mean": [
      0.5514418146982222,
      1.5716353649921782,
      13.326245447048379
    ],
    "cov_diag_std": [
      0.14039234102385206,
      1.2168564837430014,
      11.84369117338481
    ]
  }
}