{
  "fit": {
    "ok": true,
    "mu": [
      0.4382911709214179,
      0.16844049719647147,
      0.2522615847850499
    ],
    "cov": [
      [
        0.22004853252761927,
        0.0,
        0.0
      ],
      [
        0.0,
        0.213692914042985,
        0.0
      ],
      [
        0.0,
        0.0,
        0.6651695122720466
      ]
    ],
    "amp": 0.631708528534613,
    "ln_amp": -0.4593271802431591,
    "ridge": 0.0001,
    "mode": "diag",
    "residual_rms": 2.9905724433044143,
    "n_points": 60
  },
  "boot": {
    "mu_mean": [
      0.44196755449008435,
      0.1700139273382482,
      0.2619981200820592
    ],
    "mu_std": [
      0.036528838037664636,
      0.06813260985087638,
      0.053928271456228236
    ],
    "cov_diag_mean": [
      0.23487642412057677,
      0.24013914024575586,
      0.7342128119057382
    ],
    "cov_diag_std": [
      0.06806084696531896,
      0.1262085033571373,
      0.26401933273137235
    ]
  }
}