{
  "out_dir": "Data/20251219-005313-linear-GF",
  "n_steps": 60,
  "best_x": {
    "Ay": 0.5,
    "Ey": 0.0,
    "Coup2": 0.0
  },
  "best_y": 0.7831996039841352,
  "fit_mu": [
    0.4382911709214179,
    0.16844049719647147,
    0.2522615847850499
  ],
  "fit_cov": [
    [
      0.22004853252761927,
      0.0,
      0.0
    ],
    [
      0.0,
      0.213692914042985,
      0.0
    ],
    [
      0.0,
      0.0,
      0.6651695122720466
    ]
  ],
  "boot_mu_mean": [
    0.44196755449008435,
    0.1700139273382482,
    0.2619981200820592
  ],
  "boot_mu_std": [
    0.036528838037664636,
    0.06813260985087638,
    0.053928271456228236
  ]
}