{
  "fit": {
    "ok": true,
    "mu": [
      0.5694725471894039,
      0.16323599882740147,
      0.26117262195507895
    ],
    "cov": [
      [
        0.2283163824682693,
        0.0,
        0.0
      ],
      [
        0.0,
        0.1587016789242969,
        0.0
      ],
      [
        0.0,
        0.0,
        0.33458546783859794
      ]
    ],
    "amp": 0.788167642960921,
    "ln_amp": -0.23804446687697434,
    "ridge": 0.0001,
    "mode": "diag",
    "residual_rms": 2.7793666283686864,
    "n_points": 21
  },
  "boot": {
    "mu_mean": [
      0.5611122662421183,
      0.17469012212135268,
      0.2579658908788548
    ],
    "mu_std": [
      0.050411302121859305,
      0.04024151905325294,
      0.033127808836867785
    ],
    "cov_diag_mean": [
      0.21978060026063895,
      0.16641389489775854,
      0.3330442174179798
    ],
    "cov_diag_std": [
      0.028284438692422323,
      0.02245396069519311,
      0.045118852711808155
    ]
  }
}