{
  "out_dir": "Data/20251219-033547-linear-GF",
  "n_steps": 21,
  "best_x": {
    "Ay": 0.5,
    "Ey": 0.0,
    "Coup2": 0.0
  },
  "best_y": 0.6736123537453509,
  "fit_mu": [
    0.5694725471894039,
    0.16323599882740147,
    0.26117262195507895
  ],
  "fit_cov": [
    [
      0.2283163824682693,
      0.0,
      0.0
    ],
    [
      0.0,
      0.1587016789242969,
      0.0
    ],
    [
      0.0,
      0.0,
      0.33458546783859794
    ]
  ],
  "boot_mu_mean": [
    0.5611122662421183,
    0.17469012212135268,
    0.2579658908788548
  ],
  "boot_mu_std": [
    0.050411302121859305,
    0.04024151905325294,
    0.033127808836867785
  ]
}