{
  "fit": {
    "ok": true,
    "mu": [
      0.48933491191076006,
      0.25323672658577007,
      0.47263647175544365
    ],
    "cov": [
      [
        0.42113981770787473,
        0.0,
        0.0
      ],
      [
        0.0,
        0.1550673398687406,
        0.0
      ],
      [
        0.0,
        0.0,
        0.3124027379614618
      ]
    ],
    "amp": 0.7542300622282353,
    "ln_amp": -0.28205783519591443,
    "ridge": 0.0001,
    "mode": "diag",
    "residual_rms": 0.23836280210948815,
    "n_points": 60
  },
  "boot": {
    "mu_mean": [
      0.5049040633595953,
      0.30355623926119624,
      0.5397981653211057
    ],
    "mu_std": [
      0.09450936353938258,
      0.2326701825363567,
      0.21940387752103044
    ],
    "cov_diag_mean": [
      0.3995721249539196,
      0.4087493036634615,
      0.565572116084156
    ],
    "cov_diag_std": [
      0.24133708758381195,
      1.0604548997711285,
      0.9065627081566657
    ]
  }
}