{
  "out_dir": "Data/20251219-003918-linear-GF",
  "n_steps": 60,
  "best_x": {
    "Ay": 0.4846101111119073,
    "Ey": 0.2082967234424966,
    "Coup2": 0.18770567868087928
  },
  "best_y": 0.8,
  "fit_mu": [
    0.48933491191076006,
    0.25323672658577007,
    0.47263647175544365
  ],
  "fit_cov": [
    [
      0.42113981770787473,
      0.0,
      0.0
    ],
    [
      0.0,
      0.1550673398687406,
      0.0
    ],
    [
      0.0,
      0.0,
      0.3124027379614618
    ]
  ],
  "boot_mu_mean": [
    0.5049040633595953,
    0.30355623926119624,
    0.5397981653211057
  ],
  "boot_mu_std": [
    0.09450936353938258,
    0.2326701825363567,
    0.21940387752103044
  ]
}