{
  "fit": {
    "ok": true,
    "mu": [
      0.50895724377621,
      0.1424207898523692,
      0.2641257835177983
    ],
    "cov": [
      [
        0.17194589581630107,
        0.0,
        0.0
      ],
      [
        0.0,
        0.18806852359525406,
        0.0
      ],
      [
        0.0,
        0.0,
        0.3412651244114408
      ]
    ],
    "amp": 0.7859325526572299,
    "ln_amp": -0.24088430110355796,
    "ridge": 0.0001,
    "mode": "diag",
    "residual_rms": 0.20688081470572275,
    "n_points": 17
  },
  "boot": {
    "mu_mean": [
      0.5254661008502187,
      0.1595370173974634,
      0.2602784670747428
    ],
    "mu_std": [
      0.09246071699974033,
      0.1018591059047876,
      0.04555912990418276
    ],
    "cov_diag_mean": [
      0.17967417119629916,
      0.20871326390746153,
      0.3474840451100733
    ],
    "cov_diag_std": [
      0.04670592911058515,
      0.1060865867683322,
      0.06657306547909433
    ]
  }
}