{
  "fit": {
    "ok": true,
    "mu": [
      0.5019886280858237,
      0.18928370038794262,
      0.2607306224836502
    ],
    "cov": [
      [
        0.17512591711316677,
        0.0,
        0.0
      ],
      [
        0.0,
        0.17739086703327325,
        0.0
      ],
      [
        0.0,
        0.0,
        0.341257812235632
      ]
    ],
    "amp": 0.8131267581986844,
    "ln_amp": -0.20686826744415,
    "ridge": 0.0001,
    "mode": "diag",
    "residual_rms": 1.537108574035422,
    "n_points": 60
  },
  "boot": {
    "mu_mean": [
      0.5065545102177851,
      0.2003783450005478,
      0.2600029332382809
    ],
    "mu_std": [
      0.02753727985421124,
      0.04626885497359896,
      0.0023951456787542364
    ],
    "cov_diag_mean": [
      0.18012776489157398,
      0.18776034841691402,
      0.3500049701752263
    ],
    "cov_diag_std": [
      0.016755528428669845,
      0.02529561491545919,
      0.09067669533090976
    ]
  }
}