{
  "out_dir": "Data/20251222-094533-linear-GF",
  "n_steps": 60,
  "best_x": {
    "Ay": 0.5,
    "Ey": 0.0,
    "Coup2": 0.0
  },
  "best_y": 0.6736123537453509,
  "fit_mu": [
    0.5019886280858237,
    0.18928370038794262,
    0.2607306224836502
  ],
  "fit_cov": [
    [
      0.17512591711316677,
      0.0,
      0.0
    ],
    [
      0.0,
      0.17739086703327325,
      0.0
    ],
    [
      0.0,
      0.0,
      0.341257812235632
    ]
  ],
  "boot_mu_mean": [
    0.5065545102177851,
    0.2003783450005478,
    0.2600029332382809
  ],
  "boot_mu_std": [
    0.02753727985421124,
    0.04626885497359896,
    0.0023951456787542364
  ],
  "fit_mu_err": 0.02753727985421124,
  "fit_sigma_err": 0.019739575242369276
}