{
  "fit": {
    "ok": true,
    "mu": [
      0.5688313796774023,
      0.16642553640682664,
      0.2609024432860932
    ],
    "cov": [
      [
        0.22770523139212026,
        0.0,
        0.0
      ],
      [
        0.0,
        0.15803844062398345,
        0.0
      ],
      [
        0.0,
        0.0,
        0.32789976077867505
      ]
    ],
    "amp": 0.7983011891758488,
    "ln_amp": -0.22526932269620736,
    "ridge": 0.0001,
    "mode": "diag",
    "residual_rms": 2.6601219265334617,
    "n_points": 23
  },
  "boot": {
    "mu_mean": [
      0.5695960047392354,
      0.16646439442329167,
      0.2634265470569777
    ],
    "mu_std": [
      0.06747534986810508,
      0.014952414173604439,
      0.027292504229291352
    ],
    "cov_diag_mean": [
      0.22650775204708742,
      0.15663569013258857,
      0.32908252030037805
    ],
    "cov_diag_std": [
      0.047745234556189634,
      0.014088554100299971,
      0.032536552786817795
    ]
  }
}