{
  "out_dir": "Data/20251219-024346-linear-GF",
  "n_steps": 23,
  "best_x": {
    "Ay": 0.5,
    "Ey": 0.0,
    "Coup2": 0.0
  },
  "best_y": 0.6736123537453509,
  "fit_mu": [
    0.5688313796774023,
    0.16642553640682664,
    0.2609024432860932
  ],
  "fit_cov": [
    [
      0.22770523139212026,
      0.0,
      0.0
    ],
    [
      0.0,
      0.15803844062398345,
      0.0
    ],
    [
      0.0,
      0.0,
      0.32789976077867505
    ]
  ],
  "boot_mu_mean": [
    0.5695960047392354,
    0.16646439442329167,
    0.2634265470569777
  ],
  "boot_mu_std": [
    0.06747534986810508,
    0.014952414173604439,
    0.027292504229291352
  ]
}