{
  "fit": {
    "ok": true,
    "mu": [
      0.6005484822702895,
      0.2861794192631578,
      0.654300560663537
    ],
    "cov": [
      [
        0.5436310410832816,
        0.0,
        0.0
      ],
      [
        0.0,
        0.3771142603814396,
        0.0
      ],
      [
        0.0,
        0.0,
        0.6716608297994452
      ]
    ],
    "amp": 0.6644836505733812,
    "ln_amp": -0.40874500523478674,
    "ridge": 0.0001,
    "mode": "diag",
    "residual_rms": 2.125973280872856,
    "n_points": 30
  },
  "boot": {
    "mu_mean": [
      0.63093906234888,
      0.28828260485174473,
      0.5924363911471779
    ],
    "mu_std": [
      0.13215318394160347,
      0.06933933194354108,
      0.19870966273041266
    ],
    "cov_diag_mean": [
      0.5386930108463173,
      0.42842169764289,
      1.188757413717893
    ],
    "cov_diag_std": [
      0.1977187837134804,
      0.2846364510383717,
      1.9275247505655828
    ]
  }
}