{
  "fit": {
    "ok": true,
    "mu": [
      0.2734008867541597,
      0.1690418909637511,
      0.4207167745130303
    ],
    "cov": [
      [
        2.2686260003265932,
        0.0,
        0.0
      ],
      [
        0.0,
        1.5072232354228952,
        0.0
      ],
      [
        0.0,
        0.0,
        1.7358890610081628
      ]
    ],
    "amp": 0.4752067630440488,
    "ln_amp": -0.7440052790399235,
    "ridge": 0.0001,
    "mode": "diag",
    "residual_rms": 7.229395452004559,
    "n_points": 600
  },
  "boot": {
    "mu_mean": [
      0.2852476150269462,
      0.1864418269081411,
      0.41545054185805086
    ],
    "mu_std": [
      0.14790374025284003,
      0.07404553539253936,
      0.08109240247697821
    ],
    "cov_diag_mean": [
      2.351506169825504,
      1.5429595604703314,
      1.7378593677939602
    ],
    "cov_diag_std": [
      0.47814528120361544,
      0.19927600053652866,
      0.21461932609828155
    ]
  }
}