{
  "out_dir": "Data/20251219-004539-linear-LBO",
  "n_steps": 600,
  "best_x": {
    "Ay": 0.5,
    "Ey": 0.0,
    "Coup2": 0.6331658291457286
  },
  "best_y": 0.8,
  "fit_mu": [
    0.2734008867541597,
    0.1690418909637511,
    0.4207167745130303
  ],
  "fit_cov": [
    [
      2.2686260003265932,
      0.0,
      0.0
    ],
    [
      0.0,
      1.5072232354228952,
      0.0
    ],
    [
      0.0,
      0.0,
      1.7358890610081628
    ]
  ],
  "boot_mu_mean": [
    0.2852476150269462,
    0.1864418269081411,
    0.41545054185805086
  ],
  "boot_mu_std": [
    0.14790374025284003,
    0.07404553539253936,
    0.08109240247697821
  ]
}