{
  "fit": {
    "ok": true,
    "mu": [
      0.5006771390583477,
      0.14384312970587962,
      0.2630929947906817
    ],
    "cov": [
      [
        0.16613432400891398,
        0.0,
        0.0
      ],
      [
        0.0,
        0.1867154031093738,
        0.0
      ],
      [
        0.0,
        0.0,
        0.3427868889969839
      ]
    ],
    "amp": 0.7967795902496954,
    "ln_amp": -0.22717718768627593,
    "ridge": 0.0001,
    "mode": "diag",
    "residual_rms": 0.1638575366685648,
    "n_points": 24
  },
  "boot": {
    "mu_mean": [
      0.5041674051321839,
      0.09532830112481322,
      0.262622505108111
    ],
    "mu_std": [
      0.02794247291583593,
      0.39264977756319647,
      0.004427994614699359
    ],
    "cov_diag_mean": [
      0.16781968233342995,
      0.29229387022877706,
      0.33651339836757715
    ],
    "cov_diag_std": [
      0.018742685294234954,
      0.7534341716721313,
      0.014876237286305598
    ]
  }
}