{
  "out_dir": "Data/20251222-094527-linear-GF",
  "n_steps": 24,
  "best_x": {
    "Ay": 0.4443372040307562,
    "Ey": 0.18963724241010738,
    "Coup2": 0.38638543679038256
  },
  "best_y": 0.7903204422119076,
  "fit_mu": [
    0.5006771390583477,
    0.14384312970587962,
    0.2630929947906817
  ],
  "fit_cov": [
    [
      0.16613432400891398,
      0.0,
      0.0
    ],
    [
      0.0,
      0.1867154031093738,
      0.0
    ],
    [
      0.0,
      0.0,
      0.3427868889969839
    ]
  ],
  "boot_mu_mean": [
    0.5041674051321839,
    0.09532830112481322,
    0.262622505108111
  ],
  "boot_mu_std": [
    0.02794247291583593,
    0.39264977756319647,
    0.004427994614699359
  ],
  "fit_mu_err": 0.02794247291583593,
  "fit_sigma_err": 0.02287601486410207
}