{
  "fit": {
    "ok": true,
    "mu": [
      0.48974028223051785,
      0.16885737271642273,
      0.27013439358011454
    ],
    "cov": [
      [
        0.1748504802521484,
        0.0,
        0.0
      ],
      [
        0.0,
        0.1756256254256557,
        0.0
      ],
      [
        0.0,
        0.0,
        0.37246562238931574
      ]
    ],
    "amp": 0.7699271121891859,
    "ln_amp": -0.261459428109464,
    "ridge": 0.0001,
    "mode": "diag",
    "residual_rms": 1.8816498037677332,
    "n_points": 35
  },
  "boot": {
    "mu_mean": [
      0.49077838275679403,
      0.16919364344011925,
      0.2687506987340528
    ],
    "mu_std": [
      0.00742950172168327,
      0.007592356414280882,
      0.008279738647627414
    ],
    "cov_diag_mean": [
      0.17443829030570507,
      0.17657176480343656,
      0.3715657825072054
    ],
    "cov_diag_std": [
      0.008067393108829108,
      0.010256681137005725,
      0.017043469630821952
    ]
  }
}