{
  "out_dir": "Data/20251219-033736-linear-GF",
  "n_steps": 35,
  "best_x": {
    "Ay": 0.5,
    "Ey": 0.0,
    "Coup2": 0.0
  },
  "best_y": 0.6736123537453509,
  "fit_mu": [
    0.48974028223051785,
    0.16885737271642273,
    0.27013439358011454
  ],
  "fit_cov": [
    [
      0.1748504802521484,
      0.0,
      0.0
    ],
    [
      0.0,
      0.1756256254256557,
      0.0
    ],
    [
      0.0,
      0.0,
      0.37246562238931574
    ]
  ],
  "boot_mu_mean": [
    0.49077838275679403,
    0.16919364344011925,
    0.2687506987340528
  ],
  "boot_mu_std": [
    0.00742950172168327,
    0.007592356414280882,
    0.008279738647627414
  ]
}