{
  "out_dir": "Data/20251219-112025-linear-GF",
  "n_steps": 18,
  "best_x": {
    "Ay": 0.4052998089189123,
    "Ey": 0.11573361794381201,
    "Coup2": 0.22893663410135223
  },
  "best_y": 0.7564485865630352,
  "fit_mu": [
    0.509307374321324,
    0.14236483911747563,
    0.26416337877113144
  ],
  "fit_cov": [
    [
      0.1722157856980381,
      0.0,
      0.0
    ],
    [
      0.0,
      0.18816534121353917,
      0.0
    ],
    [
      0.0,
      0.0,
      0.3417365917465021
    ]
  ],
  "boot_mu_mean": [
    0.5162326981675063,
    0.14749900224509227,
    0.2631010049679291
  ],
  "boot_mu_std": [
    0.028367695034928073,
    0.03466902186415005,
    0.026902825343926125
  ],
  "fit_mu_err": 0.028367695034928073,
  "fit_sigma_err": 0.021955369808946534
}