{
  "fit": {
    "ok": true,
    "mu": [
      0.5141992369261749,
      0.21062048299636327,
      0.2672093009385772
    ],
    "cov": [
      [
        0.18547931549569718,
        0.0,
        0.0
      ],
      [
        0.0,
        0.1916708079536246,
        0.0
      ],
      [
        0.0,
        0.0,
        0.32973747440744244
      ]
    ],
    "amp": 0.8041001374560035,
    "ln_amp": -0.21803146848413146,
    "ridge": 0.0001,
    "mode": "diag",
    "residual_rms": 2.5652986262161552,
    "n_points": 22
  },
  "boot": {
    "mu_mean": [
      0.5190209806778091,
      0.19551328520657169,
      0.26726362005788046
    ],
    "mu_std": [
      0.027639624168036066,
      0.05711546851698632,
      0.007702828515716298
    ],
    "cov_diag_mean": [
      0.18776708909749795,
      0.19926951542818439,
      0.3476302874552184
    ],
    "cov_diag_std": [
      0.013679067611389227,
      0.037517515333621146,
      0.1448041240562346
    ]
  }
}