{
  "out_dir": "Data/20251222-094732-linear-GF",
  "n_steps": 22,
  "best_x": {
    "Ay": 0.5,
    "Ey": 0.0,
    "Coup2": 0.0
  },
  "best_y": 0.6736123537453509,
  "fit_mu": [
    0.5141992369261749,
    0.21062048299636327,
    0.2672093009385772
  ],
  "fit_cov": [
    [
      0.18547931549569718,
      0.0,
      0.0
    ],
    [
      0.0,
      0.1916708079536246,
      0.0
    ],
    [
      0.0,
      0.0,
      0.32973747440744244
    ]
  ],
  "boot_mu_mean": [
    0.5190209806778091,
    0.19551328520657169,
    0.26726362005788046
  ],
  "boot_mu_std": [
    0.027639624168036066,
    0.05711546851698632,
    0.007702828515716298
  ],
  "fit_mu_err": 0.027639624168036066,
  "fit_sigma_err": 0.015783988785832273
}