{
  "fit": {
    "ok": true,
    "mu": [
      0.48192561796898153,
      0.2938084055195635,
      0.5588817693999693
    ],
    "cov": [
      [
        0.367099109242653,
        0.0,
        0.0
      ],
      [
        0.0,
        0.35316826778401256,
        0.0
      ],
      [
        0.0,
        0.0,
        0.547688471604507
      ]
    ],
    "amp": 0.7592918442758979,
    "ln_amp": -0.27536906392968563,
    "ridge": 0.0001,
    "mode": "diag",
    "residual_rms": 0.9808276057163274,
    "n_points": 303
  },
  "boot": {
    "mu_mean": [
      0.4846903647362304,
      0.29437992998120754,
      0.5570001993793969
    ],
    "mu_std": [
      0.015653867360728525,
      0.015414002020542142,
      0.020551544814952735
    ],
    "cov_diag_mean": [
      0.3665589642330103,
      0.3511843737930738,
      0.5432859317906699
    ],
    "cov_diag_std": [
      0.033790370774033254,
      0.03693524237535088,
      0.07003016042401083
    ]
  }
}