{
  "out_dir": "Data/20251219-004441-linear-BO",
  "n_steps": 303,
  "best_x": {
    "Ay": 0.4621399640644599,
    "Ey": 0.252822961544545,
    "Coup2": 0.7323091009278713
  },
  "best_y": 0.8,
  "fit_mu": [
    0.48192561796898153,
    0.2938084055195635,
    0.5588817693999693
  ],
  "fit_cov": [
    [
      0.367099109242653,
      0.0,
      0.0
    ],
    [
      0.0,
      0.35316826778401256,
      0.0
    ],
    [
      0.0,
      0.0,
      0.547688471604507
    ]
  ],
  "boot_mu_mean": [
    0.4846903647362304,
    0.29437992998120754,
    0.5570001993793969
  ],
  "boot_mu_std": [
    0.015653867360728525,
    0.015414002020542142,
    0.020551544814952735
  ]
}