{
  "fit": {
    "ok": true,
    "mu": [
      0.5412676329822876,
      0.2346660505664225,
      0.5957624037676102
    ],
    "cov": [
      [
        0.4411211354232462,
        0.0,
        0.0
      ],
      [
        0.0,
        0.4467727896929109,
        0.0
      ],
      [
        0.0,
        0.0,
        0.588700178137615
      ]
    ],
    "amp": 0.6692364303934721,
    "ln_amp": -0.4016178726281411,
    "ridge": 0.0001,
    "mode": "diag",
    "residual_rms": 2.1760044322346657,
    "n_points": 60
  },
  "boot": {
    "mu_mean": [
      0.5419705620028406,
      0.24565760215782817,
      0.57504654197053
    ],
    "mu_std": [
      0.056178452796787744,
      0.04652144064369989,
      0.12824469962379184
    ],
    "cov_diag_mean": [
      0.4341200672659908,
      0.4513123414323431,
      0.6222066789949602
    ],
    "cov_diag_std": [
      0.09721472846037144,
      0.10972371015846763,
      0.3164248900514915
    ]
  }
}