{
  "out_dir": "Data/20251219-004145-linear-BO",
  "n_steps": 60,
  "best_x": {
    "Ay": 0.7839418618325835,
    "Ey": 0.12866491153455684,
    "Coup2": 0.818343531037435
  },
  "best_y": 0.7448108835631153,
  "fit_mu": [
    0.5412676329822876,
    0.2346660505664225,
    0.5957624037676102
  ],
  "fit_cov": [
    [
      0.4411211354232462,
      0.0,
      0.0
    ],
    [
      0.0,
      0.4467727896929109,
      0.0
    ],
    [
      0.0,
      0.0,
      0.588700178137615
    ]
  ],
  "boot_mu_mean": [
    0.5419705620028406,
    0.24565760215782817,
    0.57504654197053
  ],
  "boot_mu_std": [
    0.056178452796787744,
    0.04652144064369989,
    0.12824469962379184
  ]
}