{
  "fit": {
    "ok": true,
    "mu": [
      0.5078224672423947,
      0.215788492978845,
      0.2622815053436752
    ],
    "cov": [
      [
        0.17940232481379423,
        0.0,
        0.0
      ],
      [
        0.0,
        0.19154081873739726,
        0.0
      ],
      [
        0.0,
        0.0,
        0.3341365455054392
      ]
    ],
    "amp": 0.813959555261091,
    "ln_amp": -0.20584460062544352,
    "ridge": 0.0001,
    "mode": "diag",
    "residual_rms": 1.9573129569150582,
    "n_points": 37
  },
  "boot": {
    "mu_mean": [
      0.5127468585296306,
      0.21461797538424104,
      0.26160021949389284
    ],
    "mu_std": [
      0.042200045322607446,
      0.041671220349275256,
      0.0027727261364142003
    ],
    "cov_diag_mean": [
      0.18296732885493824,
      0.19423999142037066,
      0.3335463553688072
    ],
    "cov_diag_std": [
      0.025739794764521793,
      0.030244453707927853,
      0.01332121452982464
    ]
  }
}