{
  "out_dir": "Data/20251222-094507-linear-GF",
  "n_steps": 37,
  "best_x": {
    "Ay": 0.4735005181184947,
    "Ey": 0.15407929014484212,
    "Coup2": 0.2968600543957237
  },
  "best_y": 0.7930704584677227,
  "fit_mu": [
    0.5078224672423947,
    0.215788492978845,
    0.2622815053436752
  ],
  "fit_cov": [
    [
      0.17940232481379423,
      0.0,
      0.0
    ],
    [
      0.0,
      0.19154081873739726,
      0.0
    ],
    [
      0.0,
      0.0,
      0.3341365455054392
    ]
  ],
  "boot_mu_mean": [
    0.5127468585296306,
    0.21461797538424104,
    0.26160021949389284
  ],
  "boot_mu_std": [
    0.042200045322607446,
    0.041671220349275256,
    0.0027727261364142003
  ],
  "fit_mu_err": 0.042200045322607446,
  "fit_sigma_err": 0.030087652890743128
}