{
  "fit": {
    "ok": true,
    "mu": [
      0.5028320387020334,
      0.2956614069957395,
      0.4963435009774722
    ],
    "cov": [
      [
        0.3984917041765802,
        0.0,
        0.0
      ],
      [
        0.0,
        0.2012181185668923,
        0.0
      ],
      [
        0.0,
        0.0,
        0.33540685649037527
      ]
    ],
    "amp": 0.764281108894872,
    "ln_amp": -0.2688196139105803,
    "ridge": 0.0001,
    "mode": "diag",
    "residual_rms": 0.11605402158953325,
    "n_points": 466
  },
  "boot": {
    "mu_mean": [
      0.519210841961356,
      0.29721326020766686,
      0.5058493729237684
    ],
    "mu_std": [
      0.05405722591483161,
      0.0571378074959415,
      0.046676678787676396
    ],
    "cov_diag_mean": [
      0.401339382200444,
      0.3078693604727924,
      0.35722210305432817
    ],
    "cov_diag_std": [
      0.13245189811673913,
      0.2892224179633725,
      0.12755781343461242
    ]
  }
}