{
  "out_dir": "Data/20251219-004558-linear-GF",
  "n_steps": 466,
  "best_x": {
    "Ay": 0.4846101111119073,
    "Ey": 0.2082967234424966,
    "Coup2": 0.18770567868087928
  },
  "best_y": 0.8,
  "fit_mu": [
    0.5028320387020334,
    0.2956614069957395,
    0.4963435009774722
  ],
  "fit_cov": [
    [
      0.3984917041765802,
      0.0,
      0.0
    ],
    [
      0.0,
      0.2012181185668923,
      0.0
    ],
    [
      0.0,
      0.0,
      0.33540685649037527
    ]
  ],
  "boot_mu_mean": [
    0.519210841961356,
    0.29721326020766686,
    0.5058493729237684
  ],
  "boot_mu_std": [
    0.05405722591483161,
    0.0571378074959415,
    0.046676678787676396
  ]
}