{
  "fit": {
    "ok": true,
    "mu": [
      0.5037070279258621,
      0.14956394709857854,
      0.25974297277176056
    ],
    "cov": [
      [
        0.16808829907662104,
        0.0,
        0.0
      ],
      [
        0.0,
        0.18647074856610638,
        0.0
      ],
      [
        0.0,
        0.0,
        0.345476693753684
      ]
    ],
    "amp": 0.7933188740914053,
    "ln_amp": -0.2315300270860241,
    "ridge": 0.0001,
    "mode": "diag",
    "residual_rms": 0.15420990218854436,
    "n_points": 25
  },
  "boot": {
    "mu_mean": [
      0.5047113867850415,
      0.15539399433484039,
      0.260325957784534
    ],
    "mu_std": [
      0.016289187538420957,
      0.024284681722652843,
      0.007062759343604939
    ],
    "cov_diag_mean": [
      0.16942896444548067,
      0.18215246596643755,
      0.3432027023843164
    ],
    "cov_diag_std": [
      0.013204501037042984,
      0.02852481168287031,
      0.012457010816971035
    ]
  }
}