{
  "out_dir": "Data/20251219-110540-linear-GF",
  "n_steps": 25,
  "best_x": {
    "Ay": 0.4052998089189123,
    "Ey": 0.11573361794381201,
    "Coup2": 0.22893663410135223
  },
  "best_y": 0.7564485865630352,
  "fit_mu": [
    0.5037070279258621,
    0.14956394709857854,
    0.25974297277176056
  ],
  "fit_cov": [
    [
      0.16808829907662104,
      0.0,
      0.0
    ],
    [
      0.0,
      0.18647074856610638,
      0.0
    ],
    [
      0.0,
      0.0,
      0.345476693753684
    ]
  ],
  "boot_mu_mean": [
    0.5047113867850415,
    0.15539399433484039,
    0.260325957784534
  ],
  "boot_mu_std": [
    0.016289187538420957,
    0.024284681722652843,
    0.007062759343604939
  ],
  "fit_mu_err": 0.016289187538420957,
  "fit_sigma_err": 0.016039771279832384
}