{
  "fit": {
    "ok": true,
    "mu": [
      0.49375112604784005,
      0.15598222867837377,
      0.26767525873899894
    ],
    "cov": [
      [
        0.18301083130475546,
        0.0,
        0.0
      ],
      [
        0.0,
        0.21084518406047553,
        0.0
      ],
      [
        0.0,
        0.0,
        0.4341146117292881
      ]
    ],
    "amp": 0.7110212155045904,
    "ln_amp": -0.34105301065840066,
    "ridge": 0.0001,
    "mode": "diag",
    "residual_rms": 1.2967055556577443,
    "n_points": 38
  },
  "boot": {
    "mu_mean": [
      0.49359952968092785,
      0.1580895662379238,
      0.2673702008239086
    ],
    "mu_std": [
      0.018117959970312573,
      0.018864667179380082,
      0.013789562885646959
    ],
    "cov_diag_mean": [
      0.1822380941754426,
      0.20368641413061825,
      0.4285272788356981
    ],
    "cov_diag_std": [
      0.01711232616643737,
      0.03289419761263658,
      0.08324193008844165
    ]
  }
}