{
  "out_dir": "Data/20251219-040723-linear-GF",
  "n_steps": 38,
  "best_x": {
    "Ay": 0.48595451185855765,
    "Ey": -0.009279017693033298,
    "Coup2": 0.22608866420222454
  },
  "best_y": 0.6993825106248587,
  "fit_mu": [
    0.49375112604784005,
    0.15598222867837377,
    0.26767525873899894
  ],
  "fit_cov": [
    [
      0.18301083130475546,
      0.0,
      0.0
    ],
    [
      0.0,
      0.21084518406047553,
      0.0
    ],
    [
      0.0,
      0.0,
      0.4341146117292881
    ]
  ],
  "boot_mu_mean": [
    0.49359952968092785,
    0.1580895662379238,
    0.2673702008239086
  ],
  "boot_mu_std": [
    0.018117959970312573,
    0.018864667179380082,
    0.013789562885646959
  ]
}