{
  "out_dir": "Data/20251219-004515-linear-BO",
  "n_steps": 30,
  "best_x": {
    "Ay": 0.7839418618325835,
    "Ey": 0.12866491153455684,
    "Coup2": 0.818343531037435
  },
  "best_y": 0.7448108835631153,
  "fit_mu": [
    0.6005484822702895,
    0.2861794192631578,
    0.654300560663537
  ],
  "fit_cov": [
    [
      0.5436310410832816,
      0.0,
      0.0
    ],
    [
      0.0,
      0.3771142603814396,
      0.0
    ],
    [
      0.0,
      0.0,
      0.6716608297994452
    ]
  ],
  "boot_mu_mean": [
    0.63093906234888,
    0.28828260485174473,
    0.5924363911471779
  ],
  "boot_mu_std": [
    0.13215318394160347,
    0.06933933194354108,
    0.19870966273041266
  ]
}